scene,question,answer,evidence,qa_type
31、INT. STATE DEPARTMENT. LINTON'S OFFICE - DAY,What caused Linton to want to alter the section about France's statements?,He believed it did not accurately reflect their position,I don't like this section. Cut that. I don't think this is really what France are saying. Let's change that.,causal/relational queries
19、INT. FOREIGN OFFICE LOBBY - DAY,What does Chad claim about Liza's paper?,Chad says her paper clashes violently with the current climate and almost seems intentional.,"CHAD: 'You could not write anything that clashes more violently with the current climate than you the one you wrote if you were trying, and it almost seems like you were trying.'",dialogue/beliefs
53、INT. WASHINGTON HOTEL - CONTINUOUS,"In [53、INT. WASHINGTON HOTEL - CONTINUOUS], What is Toby's emotional state when Malcolm confronts him?","He experiences a heart attack, showing fear.",TOBY (heart attack),character states
34、INT. STATE DEPARTMENT - CORRIDOR/BATHROOM - DAY,Why does Karen instruct Liza to verify the committee's name?,To confirm it is definitely the Future Planning Committee.,"KAREN: Okay, find out if it is definitely the Future Planning Committee.",causal/relational queries
54、INT. BLACK CAT INDIE CLUB - NIGHT,"In [54、INT. BLACK CAT INDIE CLUB - NIGHT], Why is Liza worried according to her dialogue?",Her paper on the war with too many cons led to being called 'Connie' and risking her career.,LIZA: 'My career's on the line.',character states
34、INT. STATE DEPARTMENT - CORRIDOR/BATHROOM - DAY,Why does Karen react angrily to Liza's question about shouting?,Because Liza implies she is a monster.,"KAREN: I'm not a fucking monster Liza, okay? Will you stop implying I'm some kind of monster?",causal/relational queries
19、INT. FOREIGN OFFICE LOBBY - DAY,What does Karen say about the committee she wants to join?,"Karen states she wants to join the committee they don't want her in, calling it a confused Groucho Marx.","KAREN: 'Whichever committee they don't want me to be a member of, I want to be a member of that. It's a confused Groucho Marx.'",dialogue/beliefs
33、INT. STATE DEPARTMENT. KAREN'S OFFICE - DAY,What did Linton do after Karen left?,He took advantage of her absence to bring up a topic.,Linton sees his chance to take advantage of Karen being out of the room.,causal/relational queries
9、INT. SIMON'S OFFICE - DAY.,How is Toby described when Malcolm enters?,"Toby is behind Malcolm, appearing sheepish.",Malcolm walks in with Toby sheepishly behind him.,detailed description
5、INT. MALCOLM'S OFFICE. DAY.,"In [5、INT. MALCOLM'S OFFICE. DAY.], What is Malcolm's emotional state during his interaction with Simon?",Angry and confrontational.,"NO YOU DO NOT THINK THAT! Sam! I'm going to have to go over to International Development, and pull Simon Foster's fucking hair.",character states
65、INT. COMMITTEE ROOM 712 - DAY,"In [65、INT. COMMITTEE ROOM 712 - DAY], What is Linton's emotional state during the scene?",Quietly horrified,"Linton is with Adriano, quietly horrified by all these people.",character states
33、INT. STATE DEPARTMENT. KAREN'S OFFICE - DAY,Why did Karen leave the meeting?,She was bleeding from her mouth and couldn't continue.,She is. But she doesn't want to leave the meeting. Karen gets up to go.,causal/relational queries
61、INT. STATE DEPARTMENT - DAY,"In [61、INT. STATE DEPARTMENT - DAY], What is Liza's emotional state during her interaction with Toby?",Uncomfortable,They're uncomfy with each other,character states
57、INT. LIZA'S APARTMENT - DAY,"In [57、INT. LIZA'S APARTMENT - DAY], What is Toby's behavioral state after recalling events?",He springs out like a Ninja and scrambles for his phone.,"springs out like a Ninja and starts pulling his clothes on, while scrabbling for his phone.",character states
32、INT. SIMON'S OFFICE/BOX ROOM - DAY,When does Simon decide to leave Judy behind?,After Toby's joke about the husband in Tower Hamlets.,She's staying behind.,temporal references
43、INT. WASHINGTON HOTEL ROOM,"In [43、INT. WASHINGTON HOTEL ROOM], Where does Toby go to open the curtain?",A room with a window overlooking the Capitol,"TOBY goes to window, opens curtain. The Capitol it just visisble through a building site.",scene localization
31、INT. STATE DEPARTMENT. LINTON'S OFFICE - DAY,Why did Linton instruct Bob to correct the meeting minutes?,To prevent Karen from discovering the war committee,"Karen must not find out about that. She is an excitable yapping she-dog. Okay get the minutes of the meeting, we need to correct the record.",causal/relational queries
28、INT. NUMBER 10. DAY.,What causes Malcolm's frustration with the news?,Learning about colleagues via news unless they've died.,"I don't like finding out about people I work with via the news, unless they've died.",causal/relational queries
7、INT. DFI OPEN PLAN OFFICE. DAY.,"In [7、INT. DFI OPEN PLAN OFFICE. DAY.], What does Simon believe about his ability to handle the funny question?",He believes he is a funny guy with a light touch.,I'm a funny guy. With a light touch.,character states
63、EXT. ALBERT EMBANKMENT - DAY,"In [63、EXT. ALBERT EMBANKMENT - DAY], What is Malcolm's emotional state during the conversation?","Angry, as shown by expletives and threats",MALCOLM's use of 'fucking' and threats about Judy losing her job,character states
18、INT. FOREIGN OFFICE BALLROOM - DAY,"In [18、INT. FOREIGN OFFICE BALLROOM - DAY], What is Simon's emotional state at the beginning of the scene?",Annoyed,"Simon is annoyed, leading Judy and Toby out of the room",character states
56、INT. WASHINGTON HOTEL - EVENING,"In [56、INT. WASHINGTON HOTEL - EVENING], What emotional state does Malcolm express in his dialogue?",He is under enormous pressure.,We are under enormous pressure Simon.,character states
2、INT. NUMBER TEN CORRIDOR/MALCOLM'S OFFICE - MORNING,Why did the civil servant give Malcolm the CD?,For monitoring purposes.,Monitoring. All the usual.,causal/relational queries
5、INT. MALCOLM'S OFFICE. DAY.,"In [5、INT. MALCOLM'S OFFICE. DAY.], What behavior does Malcolm exhibit towards Simon?","Aggressive, threatening to pull his hair.","I'm going to have to go over to International Development, and pull Simon Foster's fucking hair.",character states
27、INT. CAR DRIVING THRU WESTMINSTER. DAY.,Why is Simon upset about not nailing the line?,Judy's warning failed to prevent Simon's mistake.,"JUDY I did try to warn you. SIMON You did try to warn me but you didn't actually stop me, did you?",causal/relational queries
28、INT. NUMBER 10. DAY.,Why does Malcolm demand Simon to come over?,To address issues discovered through news coverage.,"Simon. I don't like finding out about people I work with via the news, unless they've died. Get over here now so we can address at least one of those issues.",causal/relational queries
21、INT. FOREIGN OFFICE LOBBY - DAY,What action does Liza take when examining Karen's mouth?,She stares into Karen's mouth and points out a specific tooth.,"Liza stares into Karen's mouth. Well, I think that one, that one's always been there, right?",detailed description
54、INT. BLACK CAT INDIE CLUB - NIGHT,"In [54、INT. BLACK CAT INDIE CLUB - NIGHT], What is Toby's physical condition as described?",He is physically rejuvenated by alcohol and doesn't need sleep.,"TOBY: 'I no longer need sleep, but am physically rejuvenated by alcohol!'",character states
